{
    "experiment1": {
        "selection_sort": {
            "array_size": [
                32,
                64,
                128,
                256,
                512,
                1024,
                2048,
                4096,
                8192,
                16384,
                32768
            ],
            "algorithm_time": [
                6.306000000000367e-05,
                0.00018915999999999378,
                0.0007357800000000025,
                0.003110319999999994,
                0.012666519999999992,
                0.04576187999999999,
                0.18197040000000003,
                0.7873525999999998,
                3.147185640000001,
                13.71808332,
                52.90744912000001
            ],
            "algorithm_if_operations": [
                496.0,
                2016.0,
                8128.0,
                32640.0,
                130816.0,
                523776.0,
                2096128.0,
                8386560.0,
                33550336.0,
                134209536.0,
                536854528.0
            ]
        },
        "insertion_sort": {
            "array_size": [
                32,
                64,
                128,
                256,
                512,
                1024,
                2048,
                4096,
                8192,
                16384,
                32768
            ],
            "algorithm_time": [
                4.180000000000295e-05,
                0.000173179999999995,
                0.0007161199999999978,
                0.00289334,
                0.01181533999999999,
                0.046874719999999995,
                0.19009130000000005,
                0.9140006600000004,
                3.2710635800000007,
                13.134008,
                50.787884940000005
            ],
            "algorithm_if_operations": [
                278.6,
                1068.8,
                4179.6,
                16300.0,
                65947.6,
                265831.4,
                1048364.0,
                4169898.0,
                16697994.0,
                66991064.2,
                268969201.8
            ]
        },
        "merge_sort": {
            "array_size": [
                32,
                64,
                128,
                256,
                512,
                1024,
                2048,
                4096,
                8192,
                16384,
                32768
            ],
            "algorithm_time": [
                6.883999999999779e-05,
                0.00017284000000000188,
                0.0003933799999999932,
                0.0009060199999999963,
                0.0018703399999999925,
                0.0039092200000000465,
                0.00855526000000002,
                0.021196400000000004,
                0.041266540000000164,
                0.0884970600000031,
                0.18563451999999642
            ],
            "algorithm_if_operations": [
                401.4,
                1372.6,
                4917.2,
                18032.6,
                69914.4,
                274768.4,
                1068313.6,
                4213874.8,
                16794107.0,
                67199749.6,
                269419336.0
            ]
        },
        "shell_sort": {
            "array_size": [
                32,
                64,
                128,
                256,
                512,
                1024,
                2048,
                4096,
                8192,
                16384,
                32768
            ],
            "algorithm_time": [
                4.705999999999322e-05,
                0.00010517999999999361,
                0.0002818799999999955,
                0.0008243000000000056,
                0.00203350000000001,
                0.005293139999999974,
                0.015142959999999973,
                0.04751003999999988,
                0.11044248000000038,
                0.26152584000000445,
                0.7951111999999967
            ],
            "algorithm_if_operations": [
                215.0,
                563.6,
                1451.6,
                4002.8,
                9602.0,
                25847.4,
                72147.6,
                186521.2,
                511087.6,
                1219203.0,
                3315167.4
            ]
        }
    },
    "experiment2": {
        "selection_sort": {
            "array_size": [
                32,
                64,
                128,
                256,
                512,
                1024,
                2048,
                4096,
                8192,
                16384,
                32768
            ],
            "algorithm_time": [
                7.199999993190431e-05,
                0.00015500000006340997,
                0.0008731000000352651,
                0.0026681000000507993,
                0.010784700000044722,
                0.051061699999991106,
                0.18004629999995814,
                0.7016856999999845,
                3.126474099999996,
                11.690276799999992,
                46.84606229999997
            ],
            "algorithm_if_operations": [
                496.0,
                2016.0,
                8128.0,
                32640.0,
                130816.0,
                523776.0,
                2096128.0,
                8386560.0,
                33550336.0,
                134209536.0,
                536854528.0
            ]
        },
        "insertion_sort": {
            "array_size": [
                32,
                64,
                128,
                256,
                512,
                1024,
                2048,
                4096,
                8192,
                16384,
                32768
            ],
            "algorithm_time": [
                2.2400000034394907e-05,
                1.13999999484804e-05,
                2.3599999963153095e-05,
                5.29999999798747e-05,
                0.00013389999992341473,
                0.00021949999995740654,
                0.0004226000000926433,
                0.0008618000000524262,
                0.0016763999999511725,
                0.0035598000000618413,
                0.00628340000002936
            ],
            "algorithm_if_operations": [
                31.0,
                63.0,
                127.0,
                255.0,
                511.0,
                1023.0,
                2047.0,
                4095.0,
                8191.0,
                16383.0,
                32767.0
            ]
        },
        "merge_sort": {
            "array_size": [
                32,
                64,
                128,
                256,
                512,
                1024,
                2048,
                4096,
                8192,
                16384,
                32768
            ],
            "algorithm_time": [
                7.900000002791785e-05,
                0.00011879999999564461,
                0.00027080000006662885,
                0.0005597000000534536,
                0.0016847000000552725,
                0.0027450000000044383,
                0.006658599999923354,
                0.014072400000031848,
                0.029974299999935283,
                0.06882289999998648,
                0.13846140000009655
            ],
            "algorithm_if_operations": [
                111.0,
                255.0,
                575.0,
                1279.0,
                2815.0,
                6143.0,
                13311.0,
                28671.0,
                61439.0,
                131071.0,
                278527.0
            ]
        },